FID,X,Y,Aspect,DEM,DisToLinea,LineaDen,NDVI,Plan_Curva,Profile_Cu,Slope,Slope_Leng,STI,SPI,TPI,TWI,VRM,LULC_2015,habitat,GDP,DisFromRiv,DisFromRoa
0,109.924578,31.545492,327.9949951,2089,2190.209961,0.0486065,0.37453,-0.0022629,0.0054405,17.4566002,0,0.0697454,-166.9170074,13.3242998,10.309,0.0144175,2,100,197,8869.549805,16408.90039
1,109.923949,31.545216,325.6199951,2084,2139.280029,0.0506106,0.295831,-0.0063489,0.0028868,20.9916,0,0.0128639,-46.6776009,6.2162199,10.309,0.0042917,2,100,197,8842.269531,16448.80078
2,109.924265,31.545219,320.1940002,2091,2150.810059,0.0501521,0.362588,-0.0065068,0.0065704,14.5925999,0,0.0112011,-61.2605019,11.5676003,10.309,0.013224,2,100,197,8865.389648,16443.59961
3,109.924581,31.545222,341.5650024,2094,2162.709961,0.0496895,0.387836,-0.0052705,0.0069156,3.0169599,0,0,-3.75842,14.7026997,10.309,0.0232665,2,100,197,8888.55957,16438.5
4,109.92332,31.544941,330.9450073,2083,2089.26001,0.0526145,0.244796,0.0000764,0.000918,18.9416008,42.4263992,0.0519173,5.5376501,5.6756802,6.4771199,0.0016907,2,100,189,8815.410156,16488.80078
5,109.923636,31.544943,330.6419983,2088,2100.209961,0.0521566,0.341793,-0.0023061,0.0030458,17.0119991,0,0,109.7720032,7.4594598,2.1039901,0.0045617,2,100,197,8838.400391,16483.5
6,109.923952,31.544946,331.3900146,2092,2111.540039,0.0516947,0.396019,-0.0096245,0.0055329,11.7957001,0,0.116901,-29.1285,10.2702999,10.309,0.0115856,2,100,197,8861.429688,16478.30078
7,109.924268,31.544949,360,2094,2123.229981,0.0512288,0.380537,0.133333,0.0027766,0.954841,0,0.217906,42.3837013,13.1892004,3.05563,0.022419,2,100,197,8884.509766,16473.19922
8,109.924584,31.544951,138.0130005,2092,2135.280029,0.0507588,0.37646,-0.0123745,0.0082555,12.6381998,0,0.0844213,2.1593399,14.2161999,6.0325899,0.022798,2,100,197,8907.629883,16468.09961
9,109.922691,31.544665,316.8479919,2080,2040.219971,0.0546184,0.225628,0.0000569,0.0022842,20.0788002,42.4263992,-9999,168.7839966,5.8378401,3.06007,0.0019089,2,100,189,8788.980469,16529
10,109.923007,31.544667,321.8429871,2086,2050.560059,0.0541611,0.305395,-0.0019608,0.0019811,16.5277996,42.4263992,0,64.2832031,6.7567601,4.0253901,0.0025924,2,100,189,8811.830078,16523.69922
11,109.923323,31.54467,323.9729919,2091,2061.290039,0.0536998,0.385487,-0.0018811,0.0040028,12.7726002,0,0,6.2754302,8.9189196,4.9657502,0.006598,2,100,197,8834.730469,16518.30078
12,109.923639,31.544673,326.3099976,2094,2072.389893,0.0532345,0.402476,-0.0085339,0.0053537,6.85322,0,0.130248,19.2306995,11.3242998,3.84589,0.0116493,2,100,197,8857.669922,16513.09961
13,109.923955,31.544675,90,2095,2083.870117,0.0527652,0.400465,0.1,0.0022185,1.90915,0,0.22775,-85.254303,13.9459,10.309,0.0206463,2,100,197,8880.660156,16507.90039
14,109.924271,31.544678,137.4900055,2092,2095.709961,0.0522919,0.389725,-0.010416,0.0090327,15.1796999,0,0.376855,-17.5074005,14.7838001,10.309,0.0243942,2,100,197,8903.679688,16502.69922
15,109.924587,31.544681,138.9909973,2084,2107.909912,0.0518148,0.392972,-0.0045017,0.0059514,26.9302006,42.4263992,0.385851,-260.1730042,12.8919001,11.0021,0.0136432,2,100,197,8926.75,16497.59961
16,109.922378,31.544391,318.3659973,2081,2001.920044,0.0559747,0.257092,-0.0025582,0.0034849,21.8698997,42.4263992,0.100663,-7.31323,5.7297301,11.0021,0.003491,2,100,189,8785.700195,16563.90039
17,109.922694,31.544394,319.7640076,2087,2012.01001,0.0555836,0.365813,-0.0086598,0.0031774,15.8451996,0,0,4.1421399,6.91892,5.3811798,0.0050173,2,100,189,8808.459961,16558.5
18,109.92301,31.544397,315,2092,2022.5,0.0551873,0.400135,-0.0084179,0.005603,9.3689203,0,0.100474,-1.6776201,9.2973003,10.309,0.0090778,2,100,189,8831.269531,16553.19922
19,109.923326,31.544399,270,2094,2033.369995,0.0547714,0.409723,0.1,0.0011093,1.90915,0,0.32542,-85.254303,11.1351004,10.309,0.0135552,2,100,197,8854.120117,16547.90039
20,109.923642,31.544402,164.0549927,2094,2044.630005,0.0542988,0.419059,-0.0072568,0.005753,6.91817,0,0.227876,22.1035004,13.4864998,3.70666,0.0178539,2,100,197,8877.009766,16542.59961
21,109.923958,31.544405,141.3399963,2092,2056.26001,0.0538223,0.391979,-0.0015237,0.0085799,17.7528,0,0.312596,-58.4740982,16.2161999,10.309,0.0227903,2,100,197,8899.94043,16537.40039
22,109.924274,31.544407,138.5039978,2082,2068.26001,0.0533419,0.389726,-0.0049088,0.0050843,30.0515995,42.4263992,0.465993,-286.447998,13.2161999,11.0021,0.0134263,2,100,197,8922.919922,16532.30078
23,109.92459,31.54441,140.5279999,2069,2080.620117,0.0528578,0.419901,-0.0027026,0.0027853,36.2820015,42.4263992,0.484924,-387.230011,9.4054098,11.0021,0.004564,2,100,197,8945.94043,16527.19922
24,109.921749,31.544115,327.8039856,2074,1954.380005,0.0576793,0.118606,-0.0056331,0.0020618,28.0025997,42.4263992,0.376568,-16.7150002,1.94595,11.0021,0.0026553,2,100,189,8760,16604.40039
25,109.922065,31.544118,324.4620056,2083,1963.800049,0.0572932,0.188169,-0.0040669,0.0039401,23.2733002,42.4263992,0.588025,202.0829926,5.6756802,2.8800099,0.0047812,2,100,189,8782.620117,16598.90039
26,109.922381,31.544121,324.4620056,2089,1973.630005,0.0569018,0.316466,-0.0089542,0.0042544,15.9998999,0,0.127804,9.01688,8.0540504,4.6033001,0.0080243,2,100,189,8805.290039,16593.40039
27,109.922697,31.544123,330.2550049,2093,1983.859985,0.0565052,0.418748,-0.0109405,0.0062987,7.6530499,0,0,147.2890015,10.3514004,1.8099999,0.0127203,2,100,189,8828.009766,16588
28,109.923013,31.544126,135,2093,1994.48999,0.0561034,0.422394,-0.0766032,0.0069214,2.6989501,0,0.236683,-14.2203999,10.7026997,10.309,0.0163895,2,100,189,8850.759766,16582.69922
29,109.923329,31.544129,153.4349976,2091,2005.52002,0.0556964,0.434479,-0.0119257,0.0066093,12.6043997,0,0.307466,1.14091,11.5676003,6.6705699,0.0163063,2,100,197,8873.55957,16577.40039
30,109.923645,31.544131,152.3540039,2087,2016.930054,0.0552843,0.422353,-0.0049738,0.0060501,21.5594006,0,0.364151,-13.8213997,13,10.309,0.0157036,2,100,197,8896.400391,16572.19922
31,109.923961,31.544134,145.0079956,2080,2028.719971,0.0548663,0.4067,-0.0003421,0.0046215,31.3969002,42.4263992,0.23584,-1.14309,13.9729996,11.0021,0.011339,2,100,197,8919.290039,16567
32,109.924277,31.544137,140.1940002,2066,2040.880005,0.054379,0.402716,-0.0018424,0.0023361,37.9906998,42.4263992,0.772182,18.0102997,10.1351004,5.29774,0.0039519,2,100,197,8942.209961,16561.80078
33,109.924593,31.544139,141.1699982,2050,2053.409912,0.053888,0.421035,-0.0016529,0.0015601,41.2565994,84.8527985,0.440851,39.7476006,5.97297,5.31707,0.0015265,2,100,197,8965.179688,16556.80078
34,109.92112,31.543839,343.8110046,2077,1908.01001,0.0593791,0.0944959,-0.0029235,0.001833,28.2803001,72.4263992,0.299702,0.890372,2.7567599,10.1373997,0.0025472,2,100,189,8734.740234,16645
35,109.921436,31.543842,340.3460083,2082,1916.719971,0.0589981,0.163301,-0.0023336,0.0024305,26.3600998,42.4263992,0.0366694,167.7570038,4.2702699,3.06618,0.0026667,2,100,189,8757.230469,16639.40039
36,109.921752,31.543845,336.5010071,2087,1925.849976,0.0586117,0.257294,-0.005684,0.0031751,22.6847992,42.4263992,0.185282,49.8919983,6.05405,4.2788301,0.0052404,2,100,189,8779.75,16633.90039
37,109.922068,31.543847,331.928009,2092,1935.410034,0.05822,0.333333,-0.009485,0.0048675,15.8191996,0,0.19199,3.35075,9.0540504,5.5932102,0.0110789,2,100,189,8802.330078,16628.40039
38,109.922384,31.54385,341.5650024,2095,1945.380005,0.0578231,0.37658,-0.0079057,0.0062839,6.0172801,0,0,-8.1704903,11.7838001,10.309,0.0179013,2,100,189,8824.950195,16623
39,109.9227,31.543853,128.6600037,2094,1955.76001,0.057421,0.419339,-0.0231086,0.0073404,6.0914798,0,0.271251,-5.8227301,12.4595003,10.309,0.0201209,2,100,189,8847.610352,16617.59961
40,109.923016,31.543855,137.2910004,2090,1966.550049,0.0570137,0.408967,-0.007705,0.0073976,16.4288998,0,0.61386,26.3598003,12.1892004,3.53056,0.0169724,2,100,189,8870.320313,16612.19922
41,109.923332,31.543858,143.5310059,2082,1977.729981,0.0566013,0.401307,-0.0077722,0.005177,25.4860992,42.4263992,0.609745,22.1320992,10.3242998,5.09166,0.0114002,2,100,197,8893.05957,16606.90039
42,109.923648,31.543861,147.9949951,2073,1989.300049,0.0561838,0.417669,-0.0040891,0.0035819,32.167099,42.4263992,0.34187,56.0278015,9.8918896,4.1628399,0.0070582,2,100,197,8915.860352,16601.69922
43,109.923964,31.543863,145.3049927,2062,2001.25,0.0557614,0.423872,-0.0002305,0.0022335,38.3288002,42.4263992,0.444005,43.7200012,9.7837801,4.4108801,0.0033683,2,100,197,8938.69043,16596.5
44,109.92428,31.543866,141.0090027,2046,2013.579956,0.0553339,0.426174,-0.000878,0.0012362,42.0066986,84.8527985,0.186892,210.076004,6.4864898,3.6521499,0.0014545,2,100,197,8961.570313,16591.40039
45,109.924596,31.543869,141.1889954,2028,2026.280029,0.0549015,0.427535,-0.0008681,0.000913,44.5349998,84.8527985,0.523691,55.5122986,2.2702701,4.9830098,0.0005325,2,100,197,8984.490234,16586.30078
46,109.920491,31.543563,360,2089,1862.900024,0.0610742,0.210354,-0.0020833,0.0015266,28.0725002,60,0.0855335,-18.4169998,4.8108101,11.4076004,0.0044666,2,100,189,8709.929688,16685.80078
47,109.920807,31.543566,355.9140015,2090,1870.859985,0.0606982,0.162099,-0.0006389,0.0026992,25.0727997,30,0.0398155,-3.6003499,5.4864898,11.0021,0.0055322,2,100,189,8732.269531,16680.09961
48,109.921123,31.543569,350.5379944,2091,1879.26001,0.0603169,0.185326,-0.0042951,0.0022704,22.0734005,30,0.124289,4.9471998,5.7297301,6.58987,0.0056504,2,100,189,8754.660156,16674.5
49,109.921439,31.543571,343.3009949,2094,1888.089966,0.0599302,0.279684,-0.0034271,0.0028767,19.1884003,30,0.35845,21.1474991,8.02703,5.1371698,0.0071559,2,100,189,8777.089844,16668.90039
50,109.921755,31.543574,345.0690002,2097,1897.369995,0.0595382,0.352264,-0.0032965,0.0043026,14.5064001,0,0.158343,-77.5295029,11.0541,10.309,0.0134337,2,100,189,8799.570313,16663.40039
51,109.922071,31.543577,21.8013992,2098,1907.069946,0.059141,0.371744,0.0742781,-0.0005489,5.1287098,0,0.10164,-67.8472977,13.3242998,10.309,0.0240601,2,100,189,8822.089844,16657.90039
52,109.922387,31.543579,127.875,2095,1917.189941,0.0587385,0.367723,-0.0165292,0.0082459,10.7595997,0,0.0101457,124.7549973,13.3514004,1.97604,0.0248146,2,100,189,8844.660156,16652.5
53,109.922703,31.543582,140.1940002,2089,1927.719971,0.058331,0.402496,-0.00681,0.0070886,21.3313007,0,0.40771,-23.2775002,12.4323997,10.309,0.0169544,2,100,189,8867.269531,16647.09961
54,109.923019,31.543585,142.125,2080,1938.660034,0.0579183,0.411111,-0.0022189,0.0044719,29.6868992,42.4263992,0.555548,376.105011,10.6485996,2.2588201,0.0089529,2,100,189,8889.929688,16641.80078
55,109.923335,31.543587,142.0010071,2068,1950,0.0575005,0.415035,-0.0026263,0.0025874,34.0900993,42.4263992,0.649487,-30.2859993,7.97297,11.0021,0.0038312,2,100,197,8912.629883,16636.5
56,109.923651,31.54359,144.6049957,2055,1961.729981,0.0570777,0.413625,-0.0027589,0.0018763,37.8445015,84.8527985,0.392336,13.1777,6.3513498,6.4210901,0.0022699,2,100,197,8935.370117,16631.30078
57,109.923967,31.543593,144.2109985,2041,1973.849976,0.05665,0.423617,-0.00093,0.0012811,41.4603004,84.8527985,0.191911,64.1959,5.4864898,4.8376799,0.0012632,2,100,197,8958.150391,16626.09961
58,109.924283,31.543595,141.1889954,2024,1986.349976,0.0562173,0.417568,0.0003691,0.0008746,44.5349998,84.8527985,0.906986,55.5122986,2.94595,4.9830098,0.0005432,2,100,197,8980.980469,16621
59,109.924599,31.543598,140.3150024,2004,1999.219971,0.0557796,0.395289,-0.0002776,-0.0002852,45.5080986,127.2789993,0.554535,2665.620117,-1.94595,1.68679,0.0002558,2,100,197,9003.849609,16615.90039
60,109.919863,31.543287,6.1155,2108,1819.150024,0.0627644,0.290625,0.0017524,0.0022748,25.1424007,30,0.0781486,0.58142,8.7567596,8.7309704,0.005145,2,100,189,8685.55957,16726.80078
61,109.920179,31.54329,11.3099003,2106,1826.310059,0.0623936,0.29998,0.0033692,0.0023488,23.0214996,30,0,100,8.8648701,3.5835199,0.0071762,2,100,189,8707.75,16721
62,109.920495,31.543293,13.3924999,2103,1833.930054,0.0620173,0.30049,0.0022499,0.0021026,19.7879009,30,0,81.8714981,7.7837801,3.78354,0.0091443,2,100,189,8730,16715.30078
63,109.920811,31.543295,7.12502,2101,1842.01001,0.0616357,0.302684,-0.0015902,0.0023864,15.0424004,0,0,-23.5531998,7.4594598,10.309,0.009976,2,100,189,8752.290039,16709.59961
64,109.921127,31.543298,355.2359924,2101,1850.540039,0.0612487,0.334755,-0.0046582,0.0045463,11.3480997,0,0.0525596,-81.5403976,9.2973003,10.309,0.0115525,2,100,189,8774.629883,16704
65,109.921443,31.543301,351.8699951,2102,1859.52002,0.0608564,0.369911,-0.0024513,0.0057248,6.7213702,0,0,14.0569,12.6216002,4.1592798,0.0163303,2,100,189,8797.009766,16698.40039
66,109.921759,31.543303,90,2102,1868.930054,0.0604588,0.352603,0.0666667,0.0027491,4.7636399,0,0,-584.8209839,15.7297001,10.309,0.0262892,2,100,189,8819.44043,16692.90039
67,109.922075,31.543306,128.1569977,2097,1878.780029,0.0600561,0.348487,-0.0067328,0.0081238,16.5277996,0,0.144955,32.1416016,15.0270004,3.3322401,0.025791,2,100,189,8841.910156,16687.40039
68,109.922391,31.543309,136.3320007,2088,1889.050049,0.0596482,0.366733,-0.0045001,0.0059553,26.8803005,0,0.31967,-167.9400024,11.9729996,10.309,0.0141693,2,100,189,8864.429688,16682
69,109.922707,31.543311,140.1940002,2076,1899.73999,0.0592352,0.398006,-0.003974,0.0031581,33.0583,42.4263992,0.619889,-837.3170166,8.1081104,11.0021,0.0055018,2,100,189,8886.990234,16676.59961
70,109.923023,31.543314,144.1620026,2063,1910.839966,0.0588172,0.43235,-0.0026919,0.0016117,36.5059013,42.4263992,0.54685,-151.2870026,5.2972999,11.0021,0.0018913,2,100,189,8909.599609,16671.30078
71,109.923339,31.543317,144.3240051,2050,1922.339966,0.0583941,0.426775,-0.0003488,0.0014551,38.6659012,84.8527985,0.620566,130.4199982,4.2702699,4.12886,0.0010178,2,100,197,8932.25,16666
72,109.923655,31.543319,143.5690002,2035,1934.23999,0.057966,0.406925,-0.0009668,0.0010769,41.0241013,84.8527985,0.401692,16.6933002,2.7026999,6.1846099,0.0007338,2,100,197,8954.94043,16660.80078
73,109.923971,31.543322,142.125,2019,1946.540039,0.057533,0.402406,0.0004633,0.0006789,43.5355988,127.2789993,0.441318,-57.478199,1.45946,11.6952,0.0004801,2,100,197,8977.669922,16655.59961
74,109.924287,31.543325,139.8209991,2000,1959.209961,0.0570951,0.418425,0.0001302,-0.0006522,44.469101,127.2789993,0.676686,63.5112,-2.02703,5.42377,0.0004934,2,100,197,9000.450195,16650.5
75,109.924603,31.543327,139.3990021,1981,1972.26001,0.0566523,0.432526,-0.0002269,-0.0012416,42.6745987,127.2789993,0.670053,-445.4500122,-5.2972999,11.6952,0.0011646,2,100,197,9023.269531,16645.5
76,109.91955,31.543014,11.8886995,2121,1783.170044,0.0640841,0.325055,0.0020947,0.0018085,17.9319992,30,0.132911,-78.3970032,9.1621599,11.0021,0.0069559,2,100,189,8683.69043,16762.09961
77,109.919866,31.543017,20.5559998,2119,1789.969971,0.063713,0.374051,0.0093526,0.0015842,15.8970003,0,0,5.7383699,10.6485996,5.0552201,0.0097024,2,100,189,8705.790039,16756.19922
78,109.920182,31.54302,36.8698997,2115,1797.25,0.0633364,0.35907,0.0158222,-0.0000609,14.0361996,0,0.129838,296.2449951,10.1351004,1.11121,0.0106549,2,100,189,8727.94043,16750.5
79,109.920498,31.543022,52.125,2110,1804.98999,0.0629544,0.373199,0.0244002,-0.0012359,10.7595997,0,0.392075,124.7549973,8.7297297,1.97604,0.0108608,2,100,189,8750.129883,16744.69922
80,109.920814,31.543025,66.8013992,2106,1813.199951,0.0625671,0.375325,0.0410521,-0.0018329,7.23384,0,0.217751,42.0099983,8.7297297,3.0644901,0.0124698,2,100,189,8772.370117,16739.09961
81,109.92113,31.543028,120.9639969,2103,1821.869995,0.0621745,0.360865,-0.0048759,0.0037539,5.5507202,0,0.160749,-26.9811001,10.3514004,10.309,0.015536,2,100,189,8794.660156,16733.40039
82,109.921446,31.54303,149.0359955,2101,1830.979981,0.0617767,0.370377,-0.00992,0.0070788,10.9991999,0,0.135017,-8371.389648,13.4323997,10.309,0.0208924,2,100,189,8816.990234,16727.90039
83,109.921762,31.543033,143.6159973,2097,1840.540039,0.0613736,0.370088,-0.0015011,0.0071917,21.4720993,0,0.237787,-17.1401997,15,10.309,0.0217316,2,100,189,8839.370117,16722.40039
84,109.922078,31.543036,138.3659973,2087,1850.540039,0.0609654,0.346415,-0.0010436,0.0042376,31.0513,42.4263992,0.30064,-22.9020004,11.6485996,11.0021,0.010029,2,100,189,8861.790039,16716.90039
85,109.922394,31.543038,138.8139954,2073,1860.969971,0.0605522,0.352042,-0.0016511,0.001239,35.3242989,42.4263992,0.325376,57.8064003,5.91892,4.1315899,0.0018962,2,100,189,8884.259766,16711.5
86,109.92271,31.543041,138.6909943,2059,1871.819946,0.0601338,0.379616,-0.0014074,0.0005413,36.2113991,42.4263992,0.703835,-720.1370239,2.2432401,11.0021,0.0005219,2,100,189,8906.769531,16706.09961
87,109.923026,31.543043,140.1940002,2044,1883.079956,0.0597104,0.39244,-0.0030318,0.0006152,37.9906998,84.8527985,0.447569,27.0154991,-0.459459,5.7032099,0.0010872,2,100,189,8929.320313,16700.80078
88,109.923342,31.543046,142.223999,2029,1894.76001,0.0592821,0.407647,-0.0016774,0.0003838,40.1455994,84.8527985,0.302788,-75.0588989,-1.75676,11.4076004,0.0009944,2,100,197,8951.919922,16695.59961
89,109.923658,31.543049,141.1699982,2013,1906.829956,0.0588488,0.419053,-0.000672,-0.0002216,41.2565994,127.2789993,0.38217,52.9967003,-2.97297,5.6047502,0.0011532,2,100,197,8974.55957,16690.40039
90,109.923974,31.543051,140.3320007,1996,1919.300049,0.0584106,0.391099,-0.0003525,-0.0010309,41.5962982,127.2789993,0.402213,113.0439987,-4.3243198,4.8471999,0.0017859,2,100,197,8997.25,16685.19922
91,109.92429,31.543054,138.1799927,1979,1932.150024,0.0579675,0.414171,0.0004616,-0.0011568,40.3591003,169.7059937,0.637835,-78.3976974,-5.2972999,11.9183998,0.001746,2,100,197,9019.980469,16680.09961
92,109.924606,31.543057,136.6369934,1962,1945.380005,0.0575196,0.45265,0.0000373,-0.0005239,39.5326996,169.7059937,0.271687,-557.6539917,-6.3513498,11.9183998,0.001573,2,100,197,9042.75,16675.09961
93,109.918921,31.542738,18.4349003,2134,1741.550049,0.0657698,0.314932,0.0080111,0.0011051,14.7630997,0,0.0574534,-41.4963989,8.0540504,10.309,0.0063808,2,100,153,8660.080078,16803.30078
94,109.919237,31.542741,28.6105003,2131,1747.479981,0.0654038,0.376598,0.0131151,0.0000365,11.7957001,0,0.533172,-29.1285,9.3783798,10.309,0.0084556,2,100,153,8682.030273,16797.30078
95,109.919553,31.542744,49.3987007,2128,1753.910034,0.0650324,0.387498,0.0342835,-0.0002588,8.7356901,0,0.230389,-24.7140999,11.2161999,10.309,0.0141938,2,100,189,8704.030273,16791.5
96,109.919869,31.542746,78.6901016,2124,1760.819946,0.0646555,0.359178,0.0297946,0.0004709,9.6462202,0,0.169592,6.75418,12.1080999,4.89223,0.0152652,2,100,189,8726.080078,16785.69922
97,109.920185,31.542749,94.0856018,2118,1768.219971,0.0642732,0.365105,0.0153826,0.0012939,13.1662998,0,0.215701,20.5219002,11.0811005,3.7809,0.010843,2,100,189,8748.179688,16779.90039
98,109.920501,31.542752,109.6539993,2110,1776.089966,0.0638855,0.37264,0.0023336,0.0009954,13.9158001,0,0.45068,133.3059998,8.4864902,1.90975,0.0083631,2,100,189,8770.320313,16774.19922
99,109.920817,31.542754,132.5099945,2104,1784.430054,0.0634926,0.369821,-0.0044507,0.0045814,15.1796999,0,0.488511,-17.5074005,8.7567596,10.309,0.0106933,2,100,189,8792.509766,16768.5
100,109.921133,31.542757,144.7819977,2098,1793.23999,0.0630945,0.364989,-0.0075914,0.0055001,19.1271,42.4263992,0.531085,17.0939999,9.6486502,5.3499599,0.0135106,2,100,189,8814.740234,16762.90039
101,109.921449,31.54276,150.0180054,2092,1802.5,0.0626911,0.375975,-0.0034535,0.0056071,26.5778008,42.4263992,0.42224,474.5830078,10.7297001,2.0262499,0.0132595,2,100,189,8837.019531,16757.40039
102,109.921765,31.542762,147.0950012,2083,1812.209961,0.0622826,0.382298,0.0003995,0.0030101,34.0172997,42.4263992,0.352965,-35.9814987,8.8918896,11.0021,0.0054055,2,100,189,8859.349609,16751.90039
103,109.922081,31.542765,142.352005,2070,1822.359985,0.0618691,0.374235,0.0014835,0.0000095,36.3804016,42.4263992,0.39466,-232.9949951,3.89189,11.0021,0.0010173,2,100,189,8881.719727,16746.40039
104,109.922397,31.542768,139.8439941,2056,1832.949951,0.0614504,0.368115,0.0008347,-0.0012404,34.9079018,84.8527985,0.137589,32.8889008,-0.459459,5.5064802,0.0013064,2,100,189,8904.139648,16741
105,109.922713,31.54277,135.970993,2043,1843.959961,0.0610268,0.363858,0.0008663,-0.000026,34.8156013,84.8527985,0.984576,23.7553997,-1.94595,5.83181,0.0021357,2,100,189,8926.599609,16735.59961
106,109.923029,31.542773,133.2100067,2027,1855.400024,0.0605981,0.379966,-0.0015629,0.0000347,37.0387993,84.8527985,0.976224,-69.8989029,-4.7837801,11.4076004,0.0028726,2,100,189,8949.110352,16730.30078
107,109.923345,31.542776,134.1190033,2010,1867.23999,0.0601645,0.388894,-0.0025938,-0.0009513,37.4566002,127.2789993,1.09085,-29.6914997,-7.2432399,11.6952,0.0039442,2,100,197,8971.660156,16725.09961
108,109.923661,31.542778,134.0910034,1994,1879.48999,0.059726,0.417116,-0.00158,-0.0014054,36.5959015,127.2789993,0.865146,-237.6309967,-7.6756802,11.6952,0.0049566,2,100,197,8994.25,16719.90039
109,109.923977,31.542781,132.1840057,1978,1892.140015,0.0592827,0.391251,-0.0021985,-0.0012332,35.7448997,169.7059937,1.02045,371.8139954,-7.4324298,4.10288,0.0048241,2,100,197,9016.879883,16714.80078
110,109.924293,31.542784,131.3090057,1962,1905.180054,0.0588345,0.406703,-0.0014338,-0.0006158,36.2113991,169.7059937,2.5868101,-1800.339966,-7.05405,11.9183998,0.003502,2,100,197,9039.55957,16709.69922
111,109.924609,31.542786,129.4720001,1945,1918.589966,0.0583816,0.426214,-0.0023344,-0.0008484,36.2820015,212.1320038,1.09987,-1161.689941,-7.94595,12.1007004,0.0038532,2,100,197,9062.280273,16704.59961
112,109.918292,31.542462,15.5241003,2148,1701.560059,0.0662745,0.302184,0.0105422,0.0005279,17.2943993,0,0.447272,-1911.979981,9.2432404,10.309,0.0082818,2,100,153,8636.929688,-9999
113,109.918608,31.542465,39.2893982,2144,1706.579956,0.0662745,0.347038,0.0221993,-0.0017738,13.3264999,0,0.386326,28.5191994,9.1891899,3.4518199,0.0113845,2,100,153,8658.730469,16838.59961
114,109.918924,31.542468,68.1986008,2139,1712.099976,0.0662745,0.373184,0.0288148,-0.0017536,10.1765003,0,0.258942,28.0461006,9.7297297,3.46855,0.0114445,2,100,153,8680.580078,16832.69922
115,109.91924,31.54247,94.7636032,2134,1718.140015,0.0662745,0.376352,0.0158455,0.0017153,11.3480997,0,0.478986,-81.5403976,11.0811005,10.309,0.0156962,2,100,153,8702.480469,16826.80078
116,109.919556,31.542473,130.2359924,2127,1724.670044,0.0659745,0.357714,-0.0050285,0.0052274,15.8451996,0,0.46736,4.1421399,10.5404997,5.3811798,0.0193468,2,100,153,8724.429688,16820.90039
117,109.919872,31.542476,140.9060059,2121,1731.699951,0.0655919,0.356698,0.0042382,0.0039374,18.9622993,0,0.254547,3.39729,10.9459,5.5794201,0.0144734,2,100,153,8746.429688,16815.09961
118,109.920188,31.542478,133.1519928,2114,1739.219971,0.065204,0.38565,0.008601,0.0015378,20.0788002,42.4263992,0.057283,168.7839966,10.7026997,3.06007,0.0077996,2,100,153,8768.469727,16809.30078
119,109.920504,31.542481,126.3840027,2105,1747.229981,0.0648107,0.384138,0.0001116,0.0022033,21.4720993,42.4263992,0.479888,-34.2803993,9.0810804,11.0021,0.0047074,2,100,153,8790.55957,16803.59961
120,109.92082,31.542484,137.8619995,2095,1755.699951,0.0644123,0.360306,-0.0090127,0.0039678,25.2670002,42.4263992,0,8.1044102,7,6.0962801,0.0083774,2,100,153,8812.700195,16798
121,109.921136,31.542486,147.1710052,2086,1764.650024,0.0640086,0.351016,-0.0034509,0.0044024,31.5858002,42.4263992,0.407356,10.2908001,6.1621599,5.85744,0.0079479,2,100,153,8834.889648,16792.40039
122,109.921452,31.542489,148.1340027,2075,1774.060059,0.0635998,0.383964,-0.0005237,0.0013789,35.9833984,84.8527985,0.61325,616.822998,3.2432401,2.5750401,0.002026,2,100,153,8857.120117,16786.80078
123,109.921768,31.542492,147.4259949,2063,1783.930054,0.063186,0.380162,0.0010193,-0.0018939,35.450901,84.8527985,0.156338,111.8799973,-0.810811,4.2821898,0.0019474,2,100,153,8879.389648,16781.30078
124,109.922084,31.542494,143.7460022,2052,1794.23999,0.062767,0.359405,0.0032474,-0.0032823,31.8003998,84.8527985,0.346179,36.4143982,-3.3513501,5.4046502,0.0050205,2,100,153,8901.709961,16775.90039
125,109.9224,31.542497,136.2189941,2041,1804.98999,0.0623431,0.358517,0.0026516,-0.0028424,28.9876003,84.8527985,0.880024,77.8666,-4.5405402,4.6446199,0.0072485,2,100,153,8924.080078,16770.5
126,109.922716,31.5425,125.538002,2029,1816.180054,0.0619141,0.364227,-0.0015316,-0.0008772,29.8337994,127.2789993,0.34214,10561.7002,-5.1621599,0.309998,0.0083646,2,100,153,8946.490234,16765.19922
127,109.923032,31.542502,120.6999969,2013,1827.790039,0.0614803,0.366328,-0.0051736,-0.0010992,31.8097,157.279007,0.589658,99.7033005,-8.1351299,6.3590798,0.0090331,2,100,153,8968.950195,16759.90039
128,109.923348,31.542505,120.1409988,1997,1839.810059,0.0610415,0.355557,-0.0045864,-0.0014297,30.8561001,187.279007,0.79283,-225.598999,-9.4054098,12.7938995,0.009864,2,100,159,8991.450195,16754.59961
129,109.923664,31.542508,118.0719986,1982,1852.23999,0.0605979,0.344193,-0.0052921,-0.000952,29.5387993,217.279007,0.152567,1612.359985,-8.4054098,5.0833602,0.0068759,2,100,159,9013.990234,16749.5
130,109.92398,31.54251,116.5650024,1967,1865.069946,0.0601494,0.339935,-0.0044721,0.0002816,30.8069992,247.279007,1.61545,-460.25,-6.5135102,13.3999996,0.0039227,2,100,159,9036.580078,16744.30078
131,109.924296,31.542513,117.2549973,1950,1878.300049,0.0596961,0.371421,-0.0047902,-0.0009107,31.7446995,277.2789917,1.6415,286.552002,-6.4054098,7.8088799,0.0038256,2,100,159,9059.209961,16739.19922
132,109.924612,31.542516,114.4440002,1934,1891.900024,0.0592381,0.382041,-0.0044844,-0.0003913,31.1383991,307.2789917,1.3716201,-290.6099854,-5.7567601,13.8353004,0.0031554,2,100,159,9081.879883,16734.19922
133,109.917979,31.542189,15.9454002,2159,1667.359985,0.0662745,0.330121,0.0179692,0.0010967,13.6402998,0,0.0958127,55.3274002,12.6757002,2.78913,0.0146546,2,100,153,8635.879883,16880.09961
134,109.918295,31.542192,63.4348984,2155,1671.939941,0.0662745,0.368921,0.0337895,-0.0008262,12.6043997,0,0.297851,1.14091,12.6216002,6.6705699,0.0174565,2,100,153,8657.589844,16874
135,109.918611,31.542194,96.7098007,2147,1677.050049,0.0662745,0.387554,0.0120031,0.0014012,15.9228001,0,0.407512,6.5454702,11.1622,4.9236202,0.0136656,2,100,153,8679.339844,16868
136,109.918927,31.542197,117.8970032,2138,1682.680054,0.0662745,0.36567,-0.0016533,0.0033361,17.7752991,0,0,-55.3669014,10.1892004,10.309,0.0126312,2,100,153,8701.139648,16862.09961
137,109.919243,31.5422,128.9909973,2130,1688.819946,0.0662745,0.373382,-0.002917,0.0068921,24.2423992,42.4263992,0.386094,-74.1207962,10.4054003,11.0021,0.0170765,2,100,153,8722.990234,16856.19922
138,109.919559,31.542202,142.8150024,2117,1695.459961,0.0662745,0.361387,-0.0063694,0.0041509,31.2441998,42.4263992,0.425433,-10.4076004,5.3783798,11.0021,0.0111781,2,100,153,8744.879883,16850.30078
139,109.919875,31.542205,157.0110016,2108,1702.619995,0.0662745,0.366195,-0.0008221,0.0013651,30.8561001,42.4263992,0.451274,-56.399601,4.4864898,11.4076004,0.0062597,2,100,153,8766.830078,16844.5
140,109.920191,31.542208,154.3589935,2103,1710.26001,0.0661288,0.391605,0.0077874,-0.0006144,24.8055,0,0.372405,-10.1842003,8.2162199,10.309,0.0070398,2,100,153,8788.820313,16838.80078
141,109.920507,31.54221,137.7259979,2096,1718.400024,0.0657301,0.388229,0.0040381,0.002557,26.3600998,84.8527985,1.04561,251.6349945,10.4595003,3.4716401,0.0059618,2,100,153,8810.860352,16833.09961
142,109.920823,31.542213,133.9949951,2083,1727.02002,0.0653261,0.401988,-0.0037025,0.0036467,33.895401,84.8527985,0.598134,-70.1597977,6.2972999,11.4076004,0.0058377,2,100,153,8832.950195,16827.5
143,109.921139,31.542216,143.6159973,2067,1736.119995,0.064917,0.371581,-0.004866,0.0007796,38.1918983,84.8527985,0.0208213,48.3333015,-1.24324,5.1215,0.0026269,2,100,153,8855.080078,16821.90039
144,109.921455,31.542218,151.6069946,2055,1745.680054,0.0645028,0.384393,0.0009874,-0.0025152,35.0301018,114.8529968,0.593078,92.0245972,-4.97297,5.8638601,0.0044355,2,100,153,8877.259766,16816.30078
145,109.921771,31.542221,150.0180054,2047,1755.699951,0.0640836,0.338913,0.0066358,-0.0051564,26.5778008,0,0.888416,237.2910004,-5.05405,1.33311,0.008983,2,100,153,8899.490234,16810.80078
146,109.922087,31.542224,140.1940002,2040,1766.180054,0.0636593,0.340701,0.0085358,-0.0049392,21.3313007,127.2789993,0,-93.1099014,-4.05405,11.6952,0.0084396,2,100,153,8921.759766,16805.40039
147,109.922403,31.542226,120.4660034,2032,1777.099976,0.0632301,0.329911,0.0007299,-0.0035398,18.1966,157.279007,0,-183.5610046,-3.3243201,12.3884001,0.0100267,2,100,153,8944.080078,16800
148,109.922719,31.542229,99.4623032,2023,1788.459961,0.062796,0.359058,-0.0084421,0.0018402,22.0734005,187.279007,0.938446,29.6832008,-2.08108,8.3816299,0.0091046,2,100,153,8966.44043,16794.69922
149,109.923035,31.542232,91.8476028,2008,1800.25,0.0623569,0.346817,-0.0095227,0.0003352,27.3360004,217.279007,0.481531,-532.0880127,-4.6486502,12.8739004,0.0084663,2,100,153,8988.839844,16789.40039
150,109.923351,31.542234,90,1992,1812.459961,0.061913,0.348638,-0.0111111,-0.000795,26.5650997,247.279007,0.418175,3013.399902,-5.8648601,4.0696902,0.0072515,2,100,159,9011.290039,16784.19922
151,109.923667,31.542237,97.5945969,1978,1825.079956,0.0614643,0.327564,-0.0055886,0.0012156,26.7674999,277.2789917,0.583735,-7024.319824,-3.3783801,13.0170002,0.0043227,2,100,159,9033.790039,16779
152,109.923983,31.54224,105.2549973,1962,1838.099976,0.0610107,0.331287,-0.0020765,0.0007761,29.6868992,307.2789917,0,3008.840088,-1.6216201,4.3382602,0.0019338,2,100,159,9056.320313,16773.90039
153,109.924299,31.542242,105.7089996,1945,1851.51001,0.0605524,0.362835,-0.0013376,-0.0006195,28.9876003,337.2789917,0,441.243988,-0.486486,6.37922,0.0010335,2,100,159,9078.900391,16768.80078
154,109.924615,31.542245,107.3539963,1930,1865.310059,0.0600894,0.408188,0.0011393,0.0010548,29.1951008,367.2789917,0.693259,710.2670288,2.10811,6.0174999,0.0023916,2,100,159,9101.530273,16763.80078
155,109.917982,31.541918,85.6013031,2163,1637.680054,0.0662745,0.369374,0.0213848,0.0018845,12.2601004,0,0.383251,-9.4850597,14.4595003,10.309,0.0219133,2,100,153,8656.650391,16909.5
156,109.918298,31.541921,110.8539963,2154,1642.349976,0.0662745,0.385489,0.000934,0.003819,20.5328007,0,0.16486,-265.7319946,12,10.309,0.013335,2,100,153,8678.299805,16903.40039
157,109.918614,31.541924,120.2559967,2142,1647.540039,0.0662745,0.376251,-0.0032075,0.0027702,24.8479996,42.4263992,0.30056,-17.5629005,9.3783798,11.0021,0.0078749,2,100,153,8700,16897.40039
158,109.91893,31.541926,130.0299988,2130,1653.27002,0.0662745,0.359806,-0.0051325,0.0041517,28.5533009,42.4263992,0.256976,17.1863995,7.7837801,5.3445702,0.0091358,2,100,153,8721.75,16891.5
159,109.919246,31.541929,134.0910034,2117,1659.52002,0.0662745,0.364778,-0.0011315,0.0035974,36.5959015,42.4263992,0.333788,-118.8150024,4.6216202,11.0021,0.0055503,2,100,153,8743.549805,16885.59961
160,109.919562,31.541932,140.3560028,2098,1666.280029,0.0662745,0.379239,-0.0062502,-0.0009784,37.1459007,84.8527985,0.481441,-55.5760002,-5,11.4076004,0.0069093,2,100,153,8765.389648,16879.80078
161,109.919878,31.541934,165.5789948,2088,1673.560059,0.0662745,0.374002,-0.008913,-0.0022129,31.0610008,84.8527985,0.319023,-66.7136993,-5.2162199,12.1007004,0.0072562,2,100,153,8787.290039,16874
162,109.920194,31.541937,170.8379974,2089,1681.339966,0.0662745,0.396637,0.0079907,0.0009554,27.625,0,0.960968,-22.7726994,6.4594598,10.309,0.0044452,2,100,153,8809.230469,16868.19922
163,109.92051,31.54194,144.6380005,2083,1689.619995,0.0662745,0.419536,0.0056449,0.0028675,32.3563995,42.4263992,0.412286,82.2369995,11,3.7790799,0.0104836,2,100,153,8831.219727,16862.59961
164,109.920826,31.541942,135,2067,1698.380005,0.0662342,0.400709,0.0003367,0.0014025,39.5211983,127.2789993,0.83762,-467.4490051,4.2162199,11.6952,0.0023792,2,100,153,8853.25,16856.90039
165,109.921142,31.541945,141.1470032,2048,1707.630005,0.0658197,0.387797,-0.0027419,-0.0019876,37.6128998,127.2789993,0.655556,-10.3744001,-6.5135102,11.6952,0.0057441,2,100,153,8875.339844,16851.30078
166,109.921458,31.541948,159.8639984,2038,1717.349976,0.0654002,0.389194,-0.003713,-0.0036065,28.0375996,144.8529968,0.582,-72.3775024,-8.7837801,12.6114998,0.0109606,2,100,153,8897.469727,16845.80078
167,109.921774,31.54195,169.2160034,2037,1727.540039,0.0649756,0.337839,0.0076496,-0.0008851,19.6105995,30,0.0161804,57.1474991,-2.6756799,4.1430502,0.0065404,2,100,153,8919.639648,16840.30078
168,109.92209,31.541953,156.8009949,2034,1738.189941,0.0645461,0.310064,0.013357,-0.0020758,14.2441998,0,0.362505,-279.3269958,1.05405,10.309,0.0075252,2,100,153,8941.860352,16834.90039
169,109.922406,31.541956,119.0550003,2031,1749.290039,0.0641117,0.318372,0.0303298,-0.0017914,9.7367802,0,0,9.6759996,5.05405,4.5327501,0.0093561,2,100,153,8964.129883,16829.5
170,109.922722,31.541958,86.9871979,2025,1760.819946,0.0636723,0.333826,0.0041718,0.003666,17.594101,30,0.29444,-183.9340057,7.94595,11.0021,0.0092111,2,100,153,8986.44043,16824.19922
171,109.923038,31.541961,75.9637985,2012,1772.790039,0.0632281,0.343271,-0.0004076,0.0013632,25.6889,60,0.296723,55.9454994,7,4.9752402,0.0044558,2,100,153,9008.799805,16819
172,109.923354,31.541964,78.3664017,1997,1785.189941,0.0627791,0.373569,0.0048164,0.0007149,30.0515995,90,0.830561,-572.8959961,6.8108101,11.6952,0.0052466,2,100,159,9031.200195,16813.69922
173,109.92367,31.541966,94.3986969,1978,1798,0.0623253,0.367268,0.0013735,0.00078,33.1011009,120,0.698788,-1305.229981,4.94595,11.9183998,0.008684,2,100,159,9053.639648,16808.59961
174,109.923986,31.541969,106.5569992,1958,1811.219971,0.0618667,0.384303,-0.0004248,0.0001626,32.7549019,150,1.04304,762.4240112,4.05405,3.7494099,0.0040031,2,100,159,9076.129883,16803.5
175,109.924302,31.541972,112.3799973,1941,1824.829956,0.0614034,0.393655,0.0008207,0.0017544,31.5009995,0,1.1267101,2.5597501,6.7567601,5.8624902,0.0048676,2,100,159,9098.660156,16798.40039
176,109.924618,31.541974,122.5739975,1924,1838.829956,0.0609354,0.351464,0.0015913,0.0032916,35.450901,0,0.411497,37.2933998,8.4324303,3.1835799,0.0105555,2,100,159,9121.230469,16793.40039
177,109.917669,31.541645,101.3099976,2169,1603.810059,0.0662745,0.345814,0.0085486,0.0060603,9.6462202,0,0.235031,6.75418,16.6485996,4.89223,0.0255177,2,100,153,8655.919922,16944.90039
178,109.917985,31.541648,118.6100006,2160,1608.01001,0.0662745,0.344892,-0.0015758,0.0048821,22.6686001,0,0.309075,24.1341,13.0541,3.6187699,0.0128197,2,100,153,8677.469727,16938.80078
179,109.918301,31.54165,123.6900024,2147,1612.76001,0.0662745,0.349562,-0.0015803,0.0024721,28.4060001,42.4263992,0.0017818,7.9442,9.4054098,6.11625,0.0045796,2,100,153,8699.070313,16932.80078
180,109.918617,31.541653,126.2539978,2133,1618.050049,0.0662745,0.363857,-0.0017428,0.0027096,31.8003998,42.4263992,0.245248,24.2763004,7.3783798,4.9991899,0.0041815,2,100,153,8720.719727,16926.80078
181,109.918933,31.541656,130.4620056,2117,1623.880005,0.0662745,0.367378,-0.0021276,0.0022503,36.6786003,84.8527985,0.696928,-146.6920013,3.8378401,11.4076004,0.0029033,2,100,153,8742.410156,16920.90039
182,109.919249,31.541658,133.3150024,2099,1630.25,0.0662745,0.375917,-0.000389,-0.0009073,38.7202988,84.8527985,0.477053,146.9380035,-2.7567599,4.0096102,0.0011265,2,100,153,8764.160156,16915
183,109.919565,31.541661,135,2082,1637.130005,0.0662745,0.399246,-0.0027196,-0.0037879,31.5009995,84.8527985,0.600255,7.6792402,-9,6.9611001,0.0092205,2,100,153,8785.959961,16909.19922
184,109.919881,31.541664,158.1990051,2073,1644.540039,0.0662745,0.417555,-0.0123797,-0.0012657,24.1688004,127.2789993,0.979425,-432.1099854,-6.7837801,12.6114998,0.0075419,2,100,153,8807.799805,16903.40039
185,109.920197,31.541666,166.3730011,2072,1652.449951,0.0662745,0.419371,0.0023618,0.00095,29.5069008,30,0.545124,170.5570068,3.97297,3.0496199,0.0060935,2,100,153,8829.69043,16897.69922
186,109.920513,31.541669,148.3930054,2065,1660.869995,0.0662745,0.444629,0.0039301,0.0021212,37.3515015,0,1.70402,-10.8702002,8.1351299,10.309,0.00709,2,100,153,8851.629883,16892
187,109.920829,31.541672,138.9179993,2048,1669.790039,0.0662745,0.418459,0.002512,-0.0006996,40.7720985,84.8527985,0.834998,-6.17976,0.540541,11.4076004,0.0023532,2,100,153,8873.610352,16886.40039
188,109.921145,31.541674,144.2929993,2031,1679.199951,0.0662745,0.409445,-0.0015,-0.003642,33.2970009,169.7059937,0.634013,-842.1149902,-8.5135098,12.5061998,0.009945,2,100,153,8895.639648,16880.80078
189,109.921461,31.541677,169.1139984,2025,1689.079956,0.0662745,0.413606,-0.0068642,-0.0006585,23.8106003,174.8529968,0.465694,-1299.709961,-7.5945902,12.7068005,0.0073929,2,100,153,8917.719727,16875.30078
190,109.921777,31.54168,182.2910004,2026,1699.439941,0.0658621,0.385881,0.0009641,0.0014311,22.6361008,60,0.630779,67.7082977,-0.810811,4.78441,0.0021509,2,100,153,8939.849609,16869.80078
191,109.922093,31.541682,183.0130005,2026,1710.26001,0.0654273,0.374638,-0.0028361,0.0017413,17.594101,30,0.400938,-183.9340057,4.05405,11.0021,0.0047355,2,100,153,8962.019531,16864.40039
192,109.922409,31.541685,171.2539978,2027,1721.540039,0.0649877,0.372786,0.0143854,0.001721,12.3646002,0,0.344957,-6.1380801,10.4595003,10.309,0.009553,2,100,153,8984.240234,16859.09961
193,109.922725,31.541688,123.6900024,2024,1733.26001,0.0645432,0.320164,0.0245348,0.0007071,13.5158005,0,0.780381,41.8992996,15.7567997,3.0671301,0.0152128,2,100,153,9006.5,16853.80078
194,109.923041,31.54169,96.8427963,2015,1745.420044,0.0640939,0.314912,0.0118769,0.0030613,22.7656002,0,0.034663,29.3530006,18.5405006,3.4230001,0.0177788,2,100,153,9028.799805,16848.5
195,109.923357,31.541693,101.3099976,1999,1758.01001,0.0636398,0.345666,0.0073229,0.0034683,34.2106018,0,0.321697,-10.8469,17.2973003,10.309,0.0189324,2,100,159,9051.150391,16843.30078
196,109.923673,31.541696,110.5559998,1975,1771.02002,0.063181,0.372944,0.0040617,0.0014047,40.510601,0,0.651978,-10.2796001,11.5135002,10.309,0.0089106,2,100,159,9073.549805,16838.09961
197,109.923989,31.541698,115.5139999,1951,1784.430054,0.0627174,0.375814,0.0009987,0.0003998,39.0964012,0,0.701139,171.2039948,8.5945902,1.6595401,0.0048079,2,100,159,9095.990234,16833
198,109.924305,31.541701,121.5350037,1931,1798.25,0.0622491,0.384163,-0.0026303,0.0036477,40.7084999,192.4259949,0.554571,-27.9249992,9.8918896,12.2549,0.0105253,2,100,159,9118.469727,16828
199,109.924621,31.541704,133.727005,1907,1812.459961,0.0617762,0.406619,-0.0040435,0.0028185,46.6931992,42.4263992,0.570291,-27.5671997,5.2162199,11.0021,0.0133593,2,100,159,9141,16823
200,109.917672,31.541374,122.276001,2165,1574.069946,0.0662745,0.362127,0.0006814,0.0057218,20.5328007,0,0.310904,-265.7319946,15.5945997,10.309,0.0163527,2,100,153,8676.849609,16974.30078
201,109.917988,31.541377,120.3789978,2151,1578.349976,0.0662745,0.387515,-0.0052432,0.0019505,29.2600994,42.4263992,0.205573,90.5767975,9.5945902,3.6824901,0.0041232,2,100,153,8698.339844,16968.19922
202,109.918304,31.54138,126.572998,2136,1583.189941,0.0662745,0.378487,-0.0045084,0.0023861,32.7549019,42.4263992,0.705994,254.1410065,6.5675702,2.6508,0.003336,2,100,153,8719.889648,16962.19922
203,109.91862,31.541382,130.6009979,2120,1588.579956,0.0662745,0.372927,-0.0009868,0.0023172,37.5349007,84.8527985,0.806607,-14.9129,4.5405402,11.4076004,0.0029457,2,100,153,8741.490234,16956.19922
204,109.918936,31.541385,132.5099945,2101,1594.52002,0.0662745,0.391285,0.0007675,-0.0005506,39.1436005,84.8527985,0.70559,708.5139771,-0.486486,2.43645,0.0011772,2,100,153,8763.129883,16950.30078
205,109.919252,31.541388,132.9550018,2084,1601,0.0662745,0.410295,0.0034079,-0.0038902,33.4403,127.2789993,0.548169,-246.1929932,-4.5675702,11.6952,0.006125,2,100,153,8784.830078,16944.5
206,109.919568,31.54139,128.9909973,2072,1608.01001,0.0662745,0.420072,0.0005222,-0.0027052,24.2423992,127.2789993,0.525445,-148.2420044,-4.4324298,11.6952,0.0031799,2,100,153,8806.570313,16938.59961
207,109.919884,31.541393,141.3399963,2063,1615.550049,0.0662745,0.422503,-0.0123796,0.0032467,23.1163998,127.2789993,0.608613,251.2859955,-1.27027,4.0483899,0.006292,2,100,153,8828.360352,16932.90039
208,109.9202,31.541396,150.8029938,2056,1623.609985,0.0662745,0.420396,-0.0047141,0.0041007,32.989399,169.7059937,0.529138,-122963,3.6486499,12.7068005,0.0098164,2,100,153,8850.200195,16927.19922
209,109.920516,31.541398,146.9290009,2044,1632.180054,0.0662745,0.426529,0.0002359,0.0011308,40.5374985,72.4263992,1.00559,-28.1581993,2.6486499,11.4076004,0.0015064,2,100,153,8872.089844,16921.5
210,109.920832,31.541401,145.0079956,2028,1641.25,0.0662745,0.426073,0.0023367,-0.0019243,39.1376991,42.4263992,1.59293,451.1000061,-3.7297299,2.0769999,0.0038725,2,100,153,8894.030273,16915.90039
211,109.921148,31.541404,151.9279938,2016,1650.819946,0.0662745,0.425938,-0.0008142,-0.0026231,29.5387993,199.7059937,1.05453,1232.979981,-7.8378401,4.8151002,0.0078289,2,100,153,8916.009766,16910.30078
212,109.921464,31.541406,171.572998,2012,1660.869995,0.0662745,0.434569,-0.0042227,0.0001918,24.4612999,204.8529968,0.730245,-286.0379944,-5.6756802,12.7938995,0.004393,2,100,153,8938.040039,16904.80078
213,109.92178,31.541409,186.3399963,2012,1671.410034,0.0662745,0.428381,-0.0040551,-0.000292,24.3596001,90,0.661905,-117.1039963,-1.32432,11.6952,0.0015636,2,100,153,8960.110352,16899.30078
214,109.922096,31.541412,194.0359955,2015,1682.410034,0.0662745,0.404449,-0.0011096,0.0012395,22.4069004,60,0.218996,39.7307014,5.02703,5.3174901,0.0017974,2,100,153,8982.230469,16893.90039
215,109.922412,31.541414,184.9700012,2018,1693.869995,0.0658583,0.382621,0.0054123,0.0023717,21.0457001,30,0.116871,-83.0972977,12.7026997,11.0021,0.0069593,2,100,153,9004.400391,16888.59961
216,109.922728,31.541417,156.8009949,2017,1705.780029,0.0654087,0.35953,0.0102127,0.0031741,20.8463001,0,0.492391,-66.1252975,19.6215992,10.309,0.0180543,2,100,153,9026.610352,16883.30078
217,109.923044,31.54142,129.401001,2009,1718.140015,0.0649543,0.340284,0.0059777,0.0057504,31.1287003,42.4263992,0,-17.7226009,23,11.0021,0.0272876,2,100,153,9048.870117,16878
218,109.92336,31.541422,122.3199997,1989,1730.920044,0.0644952,0.344865,0.0033977,0.0029106,44.0205002,42.4263992,0.206265,2.29123,18.2432003,7.3596001,0.0133322,2,100,159,9071.169922,16872.80078
219,109.923676,31.541425,122.4000015,1960,1744.130005,0.0640314,0.357723,-0.0002646,-0.0004741,45.7480011,42.4263992,0.383395,-303.9970093,9.0540504,11.0021,0.0024334,2,100,159,9093.509766,16867.69922
220,109.923992,31.541428,125.6549988,1937,1757.75,0.0635628,0.362561,-0.0014028,0.0015781,43.3362007,42.4263992,0.381411,-45.2456017,8.7837801,11.0021,0.0038966,2,100,159,9115.900391,16862.59961
221,109.924308,31.54143,128.2899933,1914,1771.780029,0.0630896,0.375743,-0.0007551,0.0033942,50.4366989,42.4263992,0.456774,10.3772001,8.1891899,5.8490801,0.0073525,2,100,159,9138.339844,16857.5
222,109.924624,31.541433,134.5189972,1880,1786.199951,0.0626118,0.354621,-0.0035214,0.0006403,54.5102005,234.8529968,0.556828,475.2470093,-6.7027001,4.7974401,0.0087881,2,100,159,9160.80957,16852.59961
223,109.917676,31.541104,128.9909973,2157,1544.339966,0.0662745,0.366922,0.0017509,0.0027716,24.2423992,42.4263992,0.312854,-74.1207962,14.0270004,11.0021,0.0101823,2,100,153,8697.830078,17003.69922
224,109.917992,31.541106,119.9319992,2143,1548.709961,0.0662745,0.41324,-0.0011018,0.0030959,32.4011993,42.4263992,0.309797,90.4776993,10.5676003,3.6835899,0.0051413,2,100,153,8719.269531,16997.59961
225,109.918308,31.541109,124.9919968,2124,1553.640015,0.0662745,0.385123,-0.0038121,0.0030029,39.1376991,84.8527985,0.271797,676.651001,5.5945902,2.48246,0.0052714,2,100,153,8740.769531,16991.59961
226,109.918624,31.541112,133.5310059,2103,1559.130005,0.0662745,0.38976,-0.0017164,0.0010727,42.5998001,84.8527985,0.0028977,-472.2810059,-0.108108,11.4076004,0.0025954,2,100,153,8762.30957,16985.59961
227,109.91894,31.541114,139.2680054,2084,1565.180054,0.0662745,0.399599,0.0019405,-0.0020789,38.3721008,127.2789993,0.611493,95.6594009,-4.05405,5.0141902,0.0052607,2,100,153,8783.910156,16979.69922
228,109.919256,31.541117,143.8419952,2072,1571.780029,0.0662745,0.407948,0.0052365,-0.0030627,28.2227993,127.2789993,0.544501,-6.1877899,-1.78378,11.6952,0.0058116,2,100,153,8805.549805,16973.90039
229,109.919572,31.54112,136.4689941,2065,1578.920044,0.0662745,0.400467,0.0078216,0.0018863,24.6916008,169.7059937,0.372655,-70.8307037,4.4864898,11.9183998,0.0026975,2,100,153,8827.240234,16968.09961
230,109.919888,31.541122,131.6340027,2053,1586.599976,0.0662745,0.389707,-0.0045055,0.0041509,31.0513,169.7059937,0.607672,-57.2551003,4.8648601,11.9183998,0.0068757,2,100,153,8848.980469,16962.30078
231,109.920203,31.541125,140.0420074,2038,1594.800049,0.0662745,0.387119,-0.0050885,0.0024619,38.8167,169.7059937,0.532862,308.0119934,1.4054101,4.2911301,0.0045747,2,100,153,8870.769531,16956.59961
232,109.920519,31.541128,143.8070068,2022,1603.530029,0.0662745,0.393629,-0.001541,-0.0006547,40.2554016,212.1320038,0.448404,-238.5749969,-3.8378401,12.7938995,0.0014248,2,100,153,8892.610352,16951
233,109.920835,31.54113,150.4219971,2008,1612.76001,0.0662745,0.394888,-0.0016938,-0.0023637,35.3391991,114.8529968,1.42801,178.6809998,-7.97297,5.2003102,0.004764,2,100,153,8914.490234,16945.40039
234,109.921151,31.541133,162.6459961,2001,1622.5,0.0662745,0.404045,-0.0011818,-0.0002999,29.1951008,229.7059937,1.08463,552.4299927,-6.91892,5.76618,0.004706,2,100,153,8936.429688,16939.80078
235,109.921467,31.541136,176.0549927,1998,1632.729981,0.0662745,0.428995,-0.0042448,0.0002842,25.8493004,234.8529968,0.326156,339.7059937,-4.2432399,6.1042099,0.0025796,2,100,153,8958.400391,16934.30078
236,109.921783,31.541138,188.1300049,1999,1643.439941,0.0662745,0.430044,-0.0020978,0.0007318,25.2394009,120,0.640502,16.0601997,0.27027,7.2449298,0.0008376,2,100,153,8980.429688,16928.90039
237,109.922099,31.541141,189.4620056,2002,1654.630005,0.0662745,0.4098,0.0018958,0.0012892,26.8803005,90,0.972204,-671.7600098,6.10811,11.6952,0.0022541,2,100,153,9002.5,16923.5
238,109.922415,31.541144,181.7899933,2004,1666.280029,0.0662745,0.400104,0.0033195,0.0014542,28.0841007,60,0.0852417,-17.3306999,12.6757002,11.4076004,0.0069304,2,100,153,9024.620117,16918.09961
239,109.922731,31.541146,161.5650024,2003,1678.390015,0.0662688,0.411745,0.0054461,0.0039575,32.3115005,0,0.912031,37.4656982,19.1350994,3.1789701,0.0178903,2,100,153,9046.780273,16912.80078
240,109.923047,31.541149,141.4989929,1992,1690.949951,0.0658094,0.419236,0.0047074,0.0032508,43.1385002,42.4263992,0.433045,-67.4447021,19.1891994,11.0021,0.0150535,2,100,153,9068.990234,16907.59961
241,109.923363,31.541152,131.3480072,1968,1703.939941,0.0653453,0.414898,0.0037312,-0.0005756,47.9856987,84.8527985,0.405454,104.9219971,11.1892004,4.3463998,0.0047525,2,100,159,9091.240234,16902.40039
242,109.923679,31.541154,123.4250031,1942,1717.349976,0.0648765,0.408135,-0.0004772,-0.0008155,44.9561996,84.8527985,0.291754,132.423996,6.1351399,4.1136098,0.0013637,2,100,159,9113.530273,16897.19922
243,109.923995,31.541157,125.538002,1918,1731.180054,0.064403,0.386101,-0.0037767,0.0028061,48.9161987,84.8527985,0.343462,-399.5950012,5.6756802,11.4076004,0.0047568,2,100,159,9135.870117,16892.19922
244,109.924311,31.54116,129.6439972,1886,1745.420044,0.0639249,0.350402,-0.0010115,0.000999,56.574501,84.8527985,0.397054,2.3210499,-3.8648601,8.1576004,0.0017778,2,100,159,9158.259766,16887.09961
245,109.924627,31.541162,130.9859924,1848,1760.060059,0.0634422,0.292752,-0.0017754,-0.0025536,53.4062004,84.8527985,0.297498,-0.0763199,-23.8918991,11.4076004,0.012941,2,100,159,9180.69043,16882.09961
246,109.917363,31.54083,160.7100067,2155,1510.76001,0.0662745,0.368574,0.0072103,0.002057,19.4512005,0,0.263358,20.5965996,13.2161999,3.7772701,0.0118482,2,100,153,8697.519531,17039.19922
247,109.917679,31.540833,132.3970032,2148,1514.630005,0.0662745,0.372708,0.0034657,0.0034033,27.4328995,42.4263992,0.350984,-67.1258011,13.8919001,11.0021,0.0107028,2,100,153,8718.860352,17033.09961
248,109.917995,31.540836,122.0049973,2132,1519.079956,0.0662745,0.379621,-0.0013339,0.0034787,38.1731987,84.8527985,0.531527,46.1801987,10.5404997,5.1670699,0.0074675,2,100,153,8740.25,17027
249,109.918311,31.540838,124.9919968,2108,1524.109985,0.0662745,0.375044,-0.0029031,0.0019745,45.4888992,84.8527985,0.266732,1399.979981,1.91892,1.7553999,0.0038198,2,100,153,8761.700195,17021
250,109.918627,31.540841,134.326004,2082,1529.709961,0.0662745,0.374622,-0.0029912,-0.0007064,45.0516014,127.2789993,0.97328,218.897995,-7.8108101,4.1863799,0.0050293,2,100,153,8783.19043,17015.09961
251,109.918943,31.540844,147.0310059,2065,1535.869995,0.0662745,0.385723,-0.0007127,-0.0029228,36.3171997,157.279007,0.62988,-1255.319946,-8.7837801,12.3884001,0.0087871,2,100,153,8804.730469,17009.19922
252,109.919259,31.540846,155.0950012,2058,1542.599976,0.0662745,0.405971,0.0024111,-0.0012628,27.2262993,0,1.05831,-52.0564003,-0.513514,10.309,0.0029629,2,100,153,8826.320313,17003.30078
253,109.919575,31.540849,146.7680054,2052,1549.869995,0.0662745,0.393585,0.0033715,0.0023416,30.0207005,169.7059937,0.0000481,-845.75,7.2162199,11.9183998,0.0056043,2,100,153,8847.969727,16997.5
254,109.919891,31.540852,135,2039,1557.689941,0.0662745,0.400678,0.0017856,0.0025956,37.8764,212.1320038,0.515673,32.2504997,6.4324298,6.9123802,0.0040786,2,100,153,8869.660156,16991.80078
255,109.920207,31.540855,135,2019,1566.050049,0.0662745,0.398176,-0.0026189,-0.0004926,40.3154984,212.1320038,0.826413,-104.2990036,-2.2973001,12.1007004,0.0008332,2,100,153,8891.389648,16986.09961
256,109.920523,31.540857,141.3399963,2003,1574.930054,0.0662745,0.390791,-0.0012334,-0.0015259,36.7608986,212.1320038,0.557483,-245.552002,-7.4324298,12.1007004,0.0031638,2,100,153,8913.179688,16980.40039
257,109.920839,31.54086,149.3000031,1991,1584.329956,0.0662745,0.380602,-0.0022053,-0.0015472,31.8097,254.5579987,0.395399,236.7949982,-9.3243198,7.2240801,0.0045575,2,100,153,8935.019531,16974.80078
258,109.921155,31.540863,165.5299988,1984,1594.23999,0.0662745,0.394855,-0.0052962,-0.0014929,28.0841007,259.7059937,0.774276,-86.6536026,-8.0540504,13.0170002,0.0041415,2,100,153,8956.900391,16969.30078
259,109.921471,31.540865,180,1983,1604.650024,0.0662745,0.416653,-0.0022989,-0.0004055,25.7959995,264.8529968,1.23759,328.1799927,-3.43243,6.2869501,0.0013025,2,100,153,8978.830078,16963.80078
260,109.921787,31.540868,183.6909943,1984,1615.550049,0.0662745,0.429223,0.0006249,0.0001625,27.3724003,150,0.795476,-227.7089996,1.1351399,12.1007004,0.0020455,2,100,153,9000.799805,16958.40039
261,109.922103,31.54087,183.0130005,1985,1626.930054,0.0662745,0.41044,0.0005154,0.0011415,32.3833008,120,0.852981,217.6399994,5.3783798,4.6384301,0.0035817,2,100,153,9022.820313,16953
262,109.922419,31.540873,174.5599976,1986,1638.780029,0.0662745,0.422211,0.0039948,0.0021116,35.1136017,90,0.779739,74.586998,11.0270004,5.26302,0.0080397,2,100,153,9044.889648,16947.59961
263,109.922735,31.540876,156.3710022,1981,1651.089966,0.0662745,0.410206,0.0039466,0.0020886,41.1278992,0,0.737744,8.8598099,13.1080999,4.6208701,0.0093773,2,100,153,9067,16942.40039
264,109.923051,31.540878,145.3049927,1965,1663.849976,0.0662745,0.430743,0.0025635,-0.0005187,46.5084991,42.4263992,0.522522,-42.4201012,8.2432404,11.0021,0.003345,2,100,153,9089.160156,16937.09961
265,109.923367,31.540881,137.8619995,1945,1677.050049,0.0661902,0.419771,0.004149,-0.0027878,43.3496017,84.8527985,0.171441,-65.9983978,4.5675702,11.4076004,0.0062122,2,100,159,9111.360352,16931.90039
266,109.923682,31.540884,123.6900024,1927,1690.680054,0.0657164,0.407047,0.0029335,0.0018569,43.875,127.2789993,0.25194,-12.9294996,7.2972999,11.6952,0.0053263,2,100,159,9133.610352,16926.80078
267,109.923998,31.540886,120.6060028,1897,1704.729981,0.0652381,0.428244,-0.0016809,0.001714,53.9701004,127.2789993,0.287571,75.7444992,-0.0540541,5.2476201,0.0040729,2,100,159,9155.900391,16921.69922
268,109.924314,31.540889,124.439003,1856,1719.189941,0.0647551,0.419758,-0.0023315,-0.0019302,54.7430992,127.2789993,0.393609,501.7340088,-20.1891994,3.35691,0.0093256,2,100,159,9178.240234,16916.69922
269,109.92463,31.540892,123.9960022,1827,1734.040039,0.0642676,0.424466,0.0022666,-0.0075838,40.8408012,157.279007,0.102572,0.0223026,-33.1081009,12.3884001,0.0431981,2,100,159,9200.610352,16911.69922
270,109.917366,31.54056,154.5370026,2144,1480.979981,0.0662745,0.385306,0.002294,0.0015308,21.1891994,0,0.302318,-31.0123997,10.1351004,10.309,0.0101576,2,100,153,8718.650391,17068.5
271,109.917682,31.540563,132.7089996,2136,1484.920044,0.0662745,0.385134,0.0010474,0.0031558,30.5289993,42.4263992,0.322158,-73.6128998,11.6216002,11.0021,0.0115861,2,100,153,8739.94043,17062.40039
272,109.917998,31.540565,120.7839966,2118,1489.459961,0.0662745,0.374967,-0.0011913,0.002904,42.3586998,84.8527985,0.653124,1703.670044,7.6216202,1.55908,0.0070684,2,100,153,8761.280273,17056.40039
273,109.918314,31.540568,121.5510025,2089,1494.589966,0.0662745,0.39097,-0.0029999,0.0003341,48.1072006,127.2789993,1.13151,180.1959991,-5,4.38094,0.0033734,2,100,153,8782.679688,17050.40039
274,109.91863,31.540571,130.6009979,2061,1500.300049,0.0662745,0.397929,-0.004764,-0.0026702,42.6745987,127.2789993,0.652617,-445.4500122,-15.9459,11.6952,0.0132126,2,100,153,8804.120117,17044.5
275,109.918946,31.540573,152.0209961,2047,1506.589966,0.0662745,0.395153,-0.0064149,-0.002797,31.1287003,187.279007,0.447456,-115.1969986,-13,12.8739004,0.0095315,2,100,153,8825.610352,17038.59961
276,109.919262,31.540576,159.8639984,2044,1513.439941,0.0662745,0.383898,0.0041707,0.0011468,28.0375996,0,1.0381,-7.2377501,-0.135135,10.309,0.0020531,2,100,153,8847.150391,17032.69922
277,109.919578,31.540579,144.7819977,2036,1520.849976,0.0662745,0.388235,0.0025453,0.0021027,34.7459984,42.4263992,0.595001,11.4457998,5.7027001,5.75107,0.0050154,2,100,153,8868.740234,17026.90039
278,109.919894,31.540581,136.6369934,2020,1528.819946,0.0662745,0.392454,0.001085,-0.0004108,39.5326996,212.1320038,0.48021,-669.1849976,1.78378,12.1007004,0.0012717,2,100,153,8890.379883,17021.19922
279,109.92021,31.540584,133.2100067,2002,1537.339966,0.0662745,0.400643,0.0003631,-0.0018347,37.0387993,254.5579987,0.204933,-163.0980072,-4.6486502,12.2549,0.0017405,2,100,153,8912.070313,17015.5
280,109.920526,31.540587,138.121994,1987,1546.380005,0.0662745,0.368935,-0.0013404,-0.0017814,32.989399,254.5579987,0.921981,-78249.29688,-8.3243198,12.2549,0.0031809,2,100,153,8933.80957,17009.90039
281,109.920842,31.540589,147.8040009,1976,1555.959961,0.0662745,0.37124,-0.0036884,-0.0017091,28.0025997,284.5580139,0.0732654,-217.2949982,-8.9459496,13.5670004,0.0043766,2,100,153,8955.589844,17004.30078
282,109.921158,31.540592,165.4660034,1970,1566.050049,0.0662745,0.397844,-0.0062548,-0.0003173,24.9326992,289.7059937,0.721278,-97.3427963,-6.4594598,13.0815001,0.0030101,2,100,153,8977.419922,16998.80078
283,109.921474,31.540595,176.0549927,1969,1576.640015,0.0662745,0.385454,-0.0004668,0.0005698,25.8493004,294.8529968,0.904933,391.9689941,-1.45946,6.2473102,0.0011012,2,100,153,8999.299805,16993.30078
284,109.92179,31.540597,171.3840027,1968,1587.729981,0.0662745,0.434923,0.0011762,0.0010464,29.0862007,180,0,221.4190063,1.81081,5.2941599,0.0029448,2,100,153,9021.219727,16987.90039
285,109.922106,31.5406,171.673996,1964,1599.310059,0.0662745,0.389022,-0.0032056,0.0003048,34.6293983,150,0.63024,12.9625998,1.83784,7.8238401,0.0034572,2,100,153,9043.200195,16982.5
286,109.922422,31.540603,169.1600037,1962,1611.369995,0.0662745,0.408667,0.0023057,0.0001832,38.5746994,120,0.639847,179.8139954,4.7567601,4.82935,0.003543,2,100,153,9065.209961,16977.19922
287,109.922738,31.540605,155.8209991,1955,1623.880005,0.0662745,0.383451,0.0049789,-0.0006946,41.8349991,0,0.59478,46.1422005,4.97297,2.97067,0.0040595,2,100,153,9087.280273,16971.90039
288,109.923054,31.540608,145.3760071,1940,1636.859985,0.0662745,0.422356,0.0027568,-0.0032459,40.3862991,42.4263992,0.444406,-29.3127995,1.21622,11.0021,0.0056363,2,100,153,9109.389648,16966.69922
289,109.92337,31.540611,137.7259979,1926,1650.27002,0.0662745,0.415429,0.0028476,-0.0019558,36.6236,84.8527985,0.302263,-166.6260071,3.08108,11.4076004,0.0064765,2,100,159,9131.540039,16961.5
290,109.923686,31.540613,122.6190033,1910,1664.119995,0.0662745,0.39497,0.0023952,0.0023418,44.6944008,127.2789993,0.482769,103.5780029,6.1351399,4.93466,0.0084343,2,100,159,9153.740234,16956.40039
291,109.924002,31.540616,113.961998,1876,1678.390015,0.0660679,0.437438,-0.0015265,-0.0002955,52.7103996,169.7059937,0.193217,-225.8959961,-8.1621599,12.5061998,0.0069087,2,100,159,9175.980469,16951.30078
292,109.924318,31.540618,110.2249985,1838,1693.069946,0.0655801,0.460754,-0.0031532,-0.0054471,45.3536987,199.7059937,0.465346,2078.26001,-28.4594994,4.4412198,0.0362727,2,100,159,9198.269531,16946.30078
293,109.924634,31.540621,94.7636032,1819,1708.160034,0.0650878,0.446832,-0.0151391,-0.0075761,21.8698997,229.7059937,0.636527,-76.7889023,-33.5405006,13.3535004,0.0801045,2,100,159,9220.599609,16941.30078
294,109.917369,31.540289,140.1940002,2134,1451.209961,0.0662745,0.361324,-0.0025654,0.0021568,21.3313007,42.4263992,0.300879,-46.5550003,8.2432404,11.0021,0.0108169,2,100,153,8739.839844,17097.90039
295,109.917685,31.540292,126.2539978,2124,1455.229981,0.0662745,0.368806,-0.0005956,0.0029551,31.8003998,42.4263992,0.516052,24.2763004,8.6756802,4.9991899,0.0107766,2,100,153,8761.080078,17091.80078
296,109.918001,31.540295,115.2009964,2104,1459.859985,0.0662745,0.374416,-0.0012129,0.0019468,43.210701,84.8527985,0,-87.5459976,3.48649,11.4076004,0.0065195,2,100,153,8782.370117,17085.80078
297,109.918317,31.540297,112.4789963,2073,1465.089966,0.0662745,0.381813,-0.0035626,-0.0009698,46.2923012,127.2789993,0.405183,-230.378006,-10.5404997,12.2549,0.0072207,2,100,153,8803.709961,17079.80078
298,109.918633,31.5403,118.810997,2046,1470.920044,0.0662745,0.387547,-0.0071673,-0.0034119,37.2655983,169.7059937,0.49118,-166.6349945,-19.7026997,12.7938995,0.0193467,2,100,153,8825.099609,17073.90039
299,109.918949,31.540303,144.2460022,2033,1477.329956,0.0662745,0.392089,-0.010914,-0.0003573,27.1774006,217.279007,0.454456,-1053.079956,-15.1080999,13.1992998,0.0125766,2,100,153,8846.540039,17068
